accuracy,precision,recall,f1
0.9824561403508771,0.9861111111111112,0.9861111111111112,0.9861111111111112
